CVE,DESCRIP
1,Renglón 01 del integrante del hogar
2,Renglón 02 del integrante del hogar
3,Renglón 03 del integrante del hogar
4,Renglón 04 del integrante del hogar
5,Renglón 05 del integrante del hogar
6,Renglón 06 del integrante del hogar
7,Renglón 07 del integrante del hogar
8,Renglón 08 del integrante del hogar
9,Renglón 09 del integrante del hogar
10,Renglón 10 del integrante del hogar
11,Renglón 11 del integrante del hogar
12,Renglón 12 del integrante del hogar
13,Renglón 13 del integrante del hogar
14,Renglón 14 del integrante del hogar
15,Renglón 15 del integrante del hogar
16,Renglón 16 del integrante del hogar
17,Renglón 17 del integrante del hogar
18,Renglón 18 del integrante del hogar
19,Renglón 19 del integrante del hogar
20,Renglón 20 del integrante del hogar
21,Renglón 21 del integrante del hogar
22,Renglón 22 del integrante del hogar
23,Renglón 23 del integrante del hogar
24,Renglón 24 del integrante del hogar
25,Renglón 25 del integrante del hogar
26,Renglón 26 del integrante del hogar
27,Renglón 27 del integrante del hogar
28,Renglón 28 del integrante del hogar
29,Renglón 29 del integrante del hogar
30,Renglón 30 del integrante del hogar
